"GeoFips","GeoName","LineCode","Description","year","subtotal","total","pct"
"01000","Alabama",70,"Farm employment",2000,57264,2392225,0.0239375476805066
"01000","Alabama",70,"Farm employment",2017,44478,2653968,0.0167590566276609
"01000","Alabama",200,"Mining, quarrying, and oil and gas extraction",2000,9439,2392225,0.00394569908766943
"01000","Alabama",200,"Mining, quarrying, and oil and gas extraction",2017,10431,2653968,0.00393034128520012
"01000","Alabama",500,"Manufacturing",2000,353784,2392225,0.147889099060498
"01000","Alabama",500,"Manufacturing",2017,274127,2653968,0.103289489549233
"01000","Alabama",700,"Retail trade",2000,282684,2392225,0.118167814482333
"01000","Alabama",700,"Retail trade",2017,284099,2653968,0.10704688225329
"01000","Alabama",900,"Information",2000,40142,2392225,0.0167801941706988
"01000","Alabama",900,"Information",2017,27491,2653968,0.0103584519481772
"01000","Alabama",1000,"Finance and insurance",2000,89746,2392225,0.0375157019093104
"01000","Alabama",1000,"Finance and insurance",2017,113061,2653968,0.0426007397225588
"01000","Alabama",1500,"Educational services",2000,24571,2392225,0.0102711910459927
"01000","Alabama",1500,"Educational services",2017,42245,2653968,0.0159176749681986
"01000","Alabama",1600,"Health care and social assistance",2000,180532,2392225,0.0754661455339694
"01000","Alabama",1600,"Health care and social assistance",2017,249921,2653968,0.094168806858259
"01000","Alabama",1700,"Arts, entertainment, and recreation",2000,26393,2392225,0.0110328250896132
"01000","Alabama",1700,"Arts, entertainment, and recreation",2017,39432,2653968,0.0148577526179668
"01000","Alabama",2000,"Government and government enterprises",2000,385790,2392225,0.161268275350354
"01000","Alabama",2000,"Government and government enterprises",2017,403590,2653968,0.152070409289034
"02000","Alaska",70,"Farm employment",2000,786,389734,0.00201676014922999
"02000","Alaska",70,"Farm employment",2017,1522,456799,0.00333188119938967
"02000","Alaska",200,"Mining, quarrying, and oil and gas extraction",2000,11623,389734,0.0298229048530536
"02000","Alaska",200,"Mining, quarrying, and oil and gas extraction",2017,17182,456799,0.0376139177187341
"02000","Alaska",500,"Manufacturing",2000,13761,389734,0.0353086977271678
"02000","Alaska",500,"Manufacturing",2017,16071,456799,0.0351817757919785
"02000","Alaska",700,"Retail trade",2000,42715,389734,0.10960039411496
"02000","Alaska",700,"Retail trade",2017,45811,456799,0.10028699712565
"02000","Alaska",900,"Information",2000,8167,389734,0.0209553182426989
"02000","Alaska",900,"Information",2017,7135,456799,0.0156195613387945
"02000","Alaska",1000,"Finance and insurance",2000,11374,389734,0.0291840075538701
"02000","Alaska",1000,"Finance and insurance",2017,11348,456799,0.0248424361699566
"02000","Alaska",1500,"Educational services",2000,3908,389734,0.0100273519887924
"02000","Alaska",1500,"Educational services",2017,6086,456799,0.0133231465042612
"02000","Alaska",1600,"Health care and social assistance",2000,30984,389734,0.0795003771803333
"02000","Alaska",1600,"Health care and social assistance",2017,52372,456799,0.114649988288065
"02000","Alaska",1700,"Arts, entertainment, and recreation",2000,8635,389734,0.0221561372628511
"02000","Alaska",1700,"Arts, entertainment, and recreation",2017,10946,456799,0.0239623992171612
"02000","Alaska",2000,"Government and government enterprises",2000,96681,389734,0.24806919591311
"02000","Alaska",2000,"Government and government enterprises",2017,102991,456799,0.225462402500881
"04000","Arizona",70,"Farm employment",2000,19657,2801510,0.00701657320516436
"04000","Arizona",70,"Farm employment",2017,31174,3751283,0.00831022346221279
"04000","Arizona",200,"Mining, quarrying, and oil and gas extraction",2000,12630,2801510,0.00450828303307859
"04000","Arizona",200,"Mining, quarrying, and oil and gas extraction",2017,21426,3751283,0.00571164585556462
"04000","Arizona",500,"Manufacturing",2000,219420,2801510,0.078322047752819
"04000","Arizona",500,"Manufacturing",2017,178653,3751283,0.0476245060689903
"04000","Arizona",700,"Retail trade",2000,325921,2801510,0.116337617927475
"04000","Arizona",700,"Retail trade",2017,401468,3751283,0.107021517704743
"04000","Arizona",900,"Information",2000,61447,2801510,0.0219335287041631
"04000","Arizona",900,"Information",2017,57479,3751283,0.0153224909984131
"04000","Arizona",1000,"Finance and insurance",2000,150697,2801510,0.0537913482372007
"04000","Arizona",1000,"Finance and insurance",2017,243106,3751283,0.0648060943415893
"04000","Arizona",1500,"Educational services",2000,28969,2801510,0.0103404949473677
"04000","Arizona",1500,"Educational services",2017,80798,3751283,0.0215387642041403
"04000","Arizona",1600,"Health care and social assistance",2000,223094,2801510,0.0796334833714675
"04000","Arizona",1600,"Health care and social assistance",2017,418262,3751283,0.111498386018863
"04000","Arizona",1700,"Arts, entertainment, and recreation",2000,54815,2801510,0.0195662339238482
"04000","Arizona",1700,"Arts, entertainment, and recreation",2017,83459,3751283,0.0222481215093609
"04000","Arizona",2000,"Government and government enterprises",2000,388749,2801510,0.138764095077298
"04000","Arizona",2000,"Government and government enterprises",2017,449548,3751283,0.119838465932856
"05000","Arkansas",70,"Farm employment",2000,63839,1482449,0.0430632014996806
"05000","Arkansas",70,"Farm employment",2017,53334,1644432,0.032433083277387
"05000","Arkansas",200,"Mining, quarrying, and oil and gas extraction",2000,6242,1482449,0.00421060016229901
"05000","Arkansas",200,"Mining, quarrying, and oil and gas extraction",2017,13235,1644432,0.00804837171740759
"05000","Arkansas",500,"Manufacturing",2000,240220,1482449,0.16204267398069
"05000","Arkansas",500,"Manufacturing",2017,163452,1644432,0.0993972386818062
"05000","Arkansas",700,"Retail trade",2000,164132,1482449,0.11071679363
"05000","Arkansas",700,"Retail trade",2017,173009,1644432,0.105208971851679
"05000","Arkansas",900,"Information",2000,23345,1482449,0.0157475906422413
"05000","Arkansas",900,"Information",2017,16250,1644432,0.00988183153818461
"05000","Arkansas",1000,"Finance and insurance",2000,48079,1482449,0.0324321443773108
"05000","Arkansas",1000,"Finance and insurance",2017,60616,1644432,0.0368613600319138
"05000","Arkansas",1500,"Educational services",2000,12716,1482449,0.00857769811980041
"05000","Arkansas",1500,"Educational services",2017,23046,1644432,0.0140145655156309
"05000","Arkansas",1600,"Health care and social assistance",2000,135062,1482449,0.0911073500673548
"05000","Arkansas",1600,"Health care and social assistance",2017,193391,1644432,0.117603525107758
"05000","Arkansas",1700,"Arts, entertainment, and recreation",2000,15533,1482449,0.0104779321244778
"05000","Arkansas",1700,"Arts, entertainment, and recreation",2017,21997,1644432,0.0133766552827967
"05000","Arkansas",2000,"Government and government enterprises",2000,206308,1482449,0.139167013502657
"05000","Arkansas",2000,"Government and government enterprises",2017,226729,1644432,0.137876786635142
"06000","California",70,"Farm employment",2000,326684,19228895,0.0169892237697486
"06000","California",70,"Farm employment",2017,231736,23610226,0.00981506911454384
"06000","California",200,"Mining, quarrying, and oil and gas extraction",2000,35347,19228895,0.00183822315322851
"06000","California",200,"Mining, quarrying, and oil and gas extraction",2017,49179,23610226,0.00208295337791345
"06000","California",500,"Manufacturing",2000,1919727,19228895,0.0998355339711408
"06000","California",500,"Manufacturing",2017,1419020,23610226,0.0601019236325819
"06000","California",700,"Retail trade",2000,1947767,19228895,0.101293756089468
"06000","California",700,"Retail trade",2017,2092123,23610226,0.0886108841143664
"06000","California",900,"Information",2000,606799,19228895,0.0315566235085271
"06000","California",900,"Information",2017,609903,23610226,0.025832154253839
"06000","California",1000,"Finance and insurance",2000,848696,19228895,0.0441364935426607
"06000","California",1000,"Finance and insurance",2017,1061146,23610226,0.044944338948725
"06000","California",1500,"Educational services",2000,297789,19228895,0.015486537317927
"06000","California",1500,"Educational services",2017,533522,23610226,0.022597072980157
"06000","California",1600,"Health care and social assistance",2000,1513045,19228895,0.0786860087384116
"06000","California",1600,"Health care and social assistance",2017,2650923,23610226,0.112278594876644
"06000","California",1700,"Arts, entertainment, and recreation",2000,470691,19228895,0.0244783176568388
"06000","California",1700,"Arts, entertainment, and recreation",2017,656010,23610226,0.0277849945189004
"06000","California",2000,"Government and government enterprises",2000,2559207,19228895,0.133091735120505
"06000","California",2000,"Government and government enterprises",2017,2785845,23610226,0.117993152628018
"08000","Colorado",70,"Farm employment",2000,45004,2918002,0.0154228818211913
"08000","Colorado",70,"Farm employment",2017,50202,3768593,0.0133211519524661
"08000","Colorado",200,"Mining, quarrying, and oil and gas extraction",2000,20878,2918002,0.00715489571288848
"08000","Colorado",200,"Mining, quarrying, and oil and gas extraction",2017,56043,3768593,0.0148710672656878
"08000","Colorado",500,"Manufacturing",2000,197640,2918002,0.0677312764007701
"08000","Colorado",500,"Manufacturing",2017,162952,3768593,0.0432394795617356
"08000","Colorado",700,"Retail trade",2000,309393,2918002,0.106029056868364
"08000","Colorado",700,"Retail trade",2017,340093,3768593,0.0902440247593731
"08000","Colorado",900,"Information",2000,118233,2918002,0.0405184780545044
"08000","Colorado",900,"Information",2017,85664,3768593,0.0227310298565008
"08000","Colorado",1000,"Finance and insurance",2000,158487,2918002,0.0543135337124512
"08000","Colorado",1000,"Finance and insurance",2017,214050,3768593,0.0567983860289503
"08000","Colorado",1500,"Educational services",2000,34639,2918002,0.0118707937828692
"08000","Colorado",1500,"Educational services",2017,75988,3768593,0.0201634933780326
"08000","Colorado",1600,"Health care and social assistance",2000,210960,2918002,0.0722960436627528
"08000","Colorado",1600,"Health care and social assistance",2017,343497,3768593,0.091147279634601
"08000","Colorado",1700,"Arts, entertainment, and recreation",2000,73996,2918002,0.0253584473211465
"08000","Colorado",1700,"Arts, entertainment, and recreation",2017,106689,3768593,0.0283100350714444
"08000","Colorado",2000,"Government and government enterprises",2000,384625,2918002,0.131811081692199
"08000","Colorado",2000,"Government and government enterprises",2017,493516,3768593,0.130954974442716
"09000","Connecticut",70,"Farm employment",2000,9801,2118177,0.00462709207020943
"09000","Connecticut",70,"Farm employment",2017,9621,2304746,0.00417442963346069
"09000","Connecticut",200,"Mining, quarrying, and oil and gas extraction",2000,1866,2118177,0.000880946209877645
"09000","Connecticut",200,"Mining, quarrying, and oil and gas extraction",2017,2818,2304746,0.00122269438801499
"09000","Connecticut",500,"Manufacturing",2000,240836,2118177,0.113699657771754
"09000","Connecticut",500,"Manufacturing",2017,168474,2304746,0.0730987275821284
"09000","Connecticut",700,"Retail trade",2000,231338,2118177,0.109215613237232
"09000","Connecticut",700,"Retail trade",2017,221181,2304746,0.0959676250658424
"09000","Connecticut",900,"Information",2000,51693,2118177,0.024404476113186
"09000","Connecticut",900,"Information",2017,38824,2304746,0.0168452402130213
"09000","Connecticut",1000,"Finance and insurance",2000,162709,2118177,0.0768155824560459
"09000","Connecticut",1000,"Finance and insurance",2017,192089,2304746,0.0833449759756607
"09000","Connecticut",1500,"Educational services",2000,57791,2118177,0.0272833667819073
"09000","Connecticut",1500,"Educational services",2017,87221,2304746,0.0378440834695016
"09000","Connecticut",1600,"Health care and social assistance",2000,235435,2118177,0.111149823645522
"09000","Connecticut",1600,"Health care and social assistance",2017,306999,2304746,0.133202964665087
"09000","Connecticut",1700,"Arts, entertainment, and recreation",2000,42300,2118177,0.0199700025068727
"09000","Connecticut",1700,"Arts, entertainment, and recreation",2017,55834,2304746,0.0242256630448648
"09000","Connecticut",2000,"Government and government enterprises",2000,258465,2118177,0.12202238056593
"09000","Connecticut",2000,"Government and government enterprises",2017,255045,2304746,0.110660784312024
"10000","Delaware",70,"Farm employment",2000,4252,503458,0.00844559029750247
"10000","Delaware",70,"Farm employment",2017,3692,586045,0.00629985751947376
"10000","Delaware",200,"Mining, quarrying, and oil and gas extraction",2000,NA,503458,NA
"10000","Delaware",200,"Mining, quarrying, and oil and gas extraction",2017,NA,586045,NA
"10000","Delaware",500,"Manufacturing",2000,43280,503458,0.0859654628588681
"10000","Delaware",500,"Manufacturing",2017,27493,586045,0.0469127797353446
"10000","Delaware",700,"Retail trade",2000,60638,503458,0.120443016100648
"10000","Delaware",700,"Retail trade",2017,63056,586045,0.10759583308449
"10000","Delaware",900,"Information",2000,9030,503458,0.0179359549356649
"10000","Delaware",900,"Information",2017,6297,586045,0.0107449086674232
"10000","Delaware",1000,"Finance and insurance",2000,45009,503458,0.0893997115946117
"10000","Delaware",1000,"Finance and insurance",2017,60132,586045,0.102606455135698
"10000","Delaware",1500,"Educational services",2000,6756,503458,0.0134191928621653
"10000","Delaware",1500,"Educational services",2017,9866,586045,0.016834884693155
"10000","Delaware",1600,"Health care and social assistance",2000,45527,503458,0.0904285958312312
"10000","Delaware",1600,"Health care and social assistance",2017,75611,586045,0.129019102628638
"10000","Delaware",1700,"Arts, entertainment, and recreation",2000,11576,503458,0.0229929805465401
"10000","Delaware",1700,"Arts, entertainment, and recreation",2017,15641,586045,0.0266890767773806
"10000","Delaware",2000,"Government and government enterprises",2000,66226,503458,0.131542253772907
"10000","Delaware",2000,"Government and government enterprises",2017,73830,586045,0.125980086853399
"11000","District of Columbia",70,"Farm employment",2000,0,735304,0
"11000","District of Columbia",70,"Farm employment",2017,0,902940,0
"11000","District of Columbia",200,"Mining, quarrying, and oil and gas extraction",2000,NA,735304,NA
"11000","District of Columbia",200,"Mining, quarrying, and oil and gas extraction",2017,369,902940,0.000408665027576583
"11000","District of Columbia",500,"Manufacturing",2000,3945,735304,0.00536512789268112
"11000","District of Columbia",500,"Manufacturing",2017,NA,902940,NA
"11000","District of Columbia",700,"Retail trade",2000,20455,735304,0.0278184261203529
"11000","District of Columbia",700,"Retail trade",2017,26800,902940,0.0296808204310364
"11000","District of Columbia",900,"Information",2000,28472,735304,0.0387213995843896
"11000","District of Columbia",900,"Information",2017,20406,902940,0.0225995082729749
"11000","District of Columbia",1000,"Finance and insurance",2000,22071,735304,0.0300161565828555
"11000","District of Columbia",1000,"Finance and insurance",2017,25818,902940,0.0285932620107648
"11000","District of Columbia",1500,"Educational services",2000,41013,735304,0.055776930358056
"11000","District of Columbia",1500,"Educational services",2017,60746,902940,0.0672757879814827
"11000","District of Columbia",1600,"Health care and social assistance",2000,52859,735304,0.0718872738350397
"11000","District of Columbia",1600,"Health care and social assistance",2017,74666,902940,0.082692094712827
"11000","District of Columbia",1700,"Arts, entertainment, and recreation",2000,9924,735304,0.0134964586075963
"11000","District of Columbia",1700,"Arts, entertainment, and recreation",2017,17603,902940,0.0194952045540124
"11000","District of Columbia",2000,"Government and government enterprises",2000,240743,735304,0.327406079662289
"11000","District of Columbia",2000,"Government and government enterprises",2017,250585,902940,0.277521208496689
"12000","Florida",70,"Farm employment",2000,98239,8881279,0.0110613572662226
"12000","Florida",70,"Farm employment",2017,79525,12130376,0.0065558561416398
"12000","Florida",200,"Mining, quarrying, and oil and gas extraction",2000,12466,8881279,0.00140362666233095
"12000","Florida",200,"Mining, quarrying, and oil and gas extraction",2017,23477,12130376,0.00193538930697614
"12000","Florida",500,"Manufacturing",2000,469515,8881279,0.0528656964835808
"12000","Florida",500,"Manufacturing",2017,409017,12130376,0.0337184107071372
"12000","Florida",700,"Retail trade",2000,1073134,8881279,0.120831019946564
"12000","Florida",700,"Retail trade",2017,1314845,12130376,0.108392765401501
"12000","Florida",900,"Information",2000,213591,8881279,0.0240495766431839
"12000","Florida",900,"Information",2017,180820,12130376,0.0149063804782308
"12000","Florida",1000,"Finance and insurance",2000,439971,8881279,0.0495391485843424
"12000","Florida",1000,"Finance and insurance",2017,708718,12130376,0.0584250644827497
"12000","Florida",1500,"Educational services",2000,104629,8881279,0.0117808482314315
"12000","Florida",1500,"Educational services",2017,231029,12130376,0.0190454937258334
"12000","Florida",1600,"Health care and social assistance",2000,821129,8881279,0.0924561653788829
"12000","Florida",1600,"Health care and social assistance",2017,1323387,12130376,0.109096948025354
"12000","Florida",1700,"Arts, entertainment, and recreation",2000,233427,8881279,0.0262830387380016
"12000","Florida",1700,"Arts, entertainment, and recreation",2017,357970,12130376,0.029510214687492
"12000","Florida",2000,"Government and government enterprises",2000,1092780,8881279,0.123043088726297
"12000","Florida",2000,"Government and government enterprises",2017,1188925,12130376,0.098012213306496
"13000","Georgia",70,"Farm employment",2000,67343,4860810,0.0138542753162539
"13000","Georgia",70,"Farm employment",2017,60172,6140776,0.00979876158974045
"13000","Georgia",200,"Mining, quarrying, and oil and gas extraction",2000,9594,4860810,0.00197374511655465
"13000","Georgia",200,"Mining, quarrying, and oil and gas extraction",2017,9818,6140776,0.00159882073535983
"13000","Georgia",500,"Manufacturing",2000,538010,4860810,0.11068319889072
"13000","Georgia",500,"Manufacturing",2017,421694,6140776,0.0686711256036696
"13000","Georgia",700,"Retail trade",2000,548658,4860810,0.112873780295877
"13000","Georgia",700,"Retail trade",2017,607653,6140776,0.0989537804342643
"13000","Georgia",900,"Information",2000,156232,4860810,0.0321411452000798
"13000","Georgia",900,"Information",2017,139230,6140776,0.0226730302489457
"13000","Georgia",1000,"Finance and insurance",2000,200422,4860810,0.0412322226131036
"13000","Georgia",1000,"Finance and insurance",2017,289971,6140776,0.0472205792883505
"13000","Georgia",1500,"Educational services",2000,70354,4860810,0.014473719400676
"13000","Georgia",1500,"Educational services",2017,125422,6140776,0.0204244544989102
"13000","Georgia",1600,"Health care and social assistance",2000,352635,4860810,0.0725465508834947
"13000","Georgia",1600,"Health care and social assistance",2017,564638,6140776,0.0919489654076293
"13000","Georgia",1700,"Arts, entertainment, and recreation",2000,69623,4860810,0.014323332942452
"13000","Georgia",1700,"Arts, entertainment, and recreation",2017,118241,6140776,0.0192550583183624
"13000","Georgia",2000,"Government and government enterprises",2000,694887,4860810,0.142957038024527
"13000","Georgia",2000,"Government and government enterprises",2017,775717,6140776,0.126322308450919
"15000","Hawaii",70,"Farm employment",2000,12839,749439,0.0171314810144655
"15000","Hawaii",70,"Farm employment",2017,11981,920376,0.0130175058888976
"15000","Hawaii",200,"Mining, quarrying, and oil and gas extraction",2000,474,749439,0.000632473089871224
"15000","Hawaii",200,"Mining, quarrying, and oil and gas extraction",2017,793,920376,0.000861604387771954
"15000","Hawaii",500,"Manufacturing",2000,19378,749439,0.0258566741255793
"15000","Hawaii",500,"Manufacturing",2017,18819,920376,0.0204470781506689
"15000","Hawaii",700,"Retail trade",2000,84002,749439,0.112086507374183
"15000","Hawaii",700,"Retail trade",2017,90532,920376,0.098364146826949
"15000","Hawaii",900,"Information",2000,13673,749439,0.0182443134130997
"15000","Hawaii",900,"Information",2017,10945,920376,0.0118918789712031
"15000","Hawaii",1000,"Finance and insurance",2000,24957,749439,0.0333009090799918
"15000","Hawaii",1000,"Finance and insurance",2017,29537,920376,0.0320923187914504
"15000","Hawaii",1500,"Educational services",2000,13936,749439,0.0185952425747793
"15000","Hawaii",1500,"Educational services",2017,20635,920376,0.0224201847940407
"15000","Hawaii",1600,"Health care and social assistance",2000,58222,749439,0.0776874435411021
"15000","Hawaii",1600,"Health care and social assistance",2017,82659,920376,0.089810034159952
"15000","Hawaii",1700,"Arts, entertainment, and recreation",2000,19470,749439,0.0259794326155965
"15000","Hawaii",1700,"Arts, entertainment, and recreation",2017,23550,920376,0.0255873686406425
"15000","Hawaii",2000,"Government and government enterprises",2000,165996,749439,0.221493677270598
"15000","Hawaii",2000,"Government and government enterprises",2017,181953,920376,0.197694203238676
"16000","Idaho",70,"Farm employment",2000,41934,776910,0.0539753639417693
"16000","Idaho",70,"Farm employment",2017,43459,1009682,0.0430422647922811
"16000","Idaho",200,"Mining, quarrying, and oil and gas extraction",2000,3289,776910,0.00423343759251393
"16000","Idaho",200,"Mining, quarrying, and oil and gas extraction",2017,5104,1009682,0.00505505693871932
"16000","Idaho",500,"Manufacturing",2000,74262,776910,0.0955863613545971
"16000","Idaho",500,"Manufacturing",2017,73312,1009682,0.0726089996652411
"16000","Idaho",700,"Retail trade",2000,95582,776910,0.123028407408838
"16000","Idaho",700,"Retail trade",2017,111587,1009682,0.110516974651425
"16000","Idaho",900,"Information",2000,11519,776910,0.0148266852016321
"16000","Idaho",900,"Information",2017,12099,1009682,0.0119829807800872
"16000","Idaho",1000,"Finance and insurance",2000,27134,776910,0.0349255383506455
"16000","Idaho",1000,"Finance and insurance",2017,41114,1009682,0.0407197513672622
"16000","Idaho",1500,"Educational services",2000,8126,776910,0.0104593839698292
"16000","Idaho",1500,"Educational services",2017,18521,1009682,0.0183433992088598
"16000","Idaho",1600,"Health care and social assistance",2000,60795,776910,0.0782523072170522
"16000","Idaho",1600,"Health care and social assistance",2017,103593,1009682,0.102599630378674
"16000","Idaho",1700,"Arts, entertainment, and recreation",2000,13185,776910,0.0169710777310113
"16000","Idaho",1700,"Arts, entertainment, and recreation",2017,21314,1009682,0.0211096166911958
"16000","Idaho",2000,"Government and government enterprises",2000,117827,776910,0.151661067562523
"16000","Idaho",2000,"Government and government enterprises",2017,133446,1009682,0.132166365251634
"17000","Illinois",70,"Farm employment",2000,100588,7357491,0.0136715083987191
"17000","Illinois",70,"Farm employment",2017,73621,7839160,0.00939143989917287
"17000","Illinois",200,"Mining, quarrying, and oil and gas extraction",2000,17028,7357491,0.0023143759197259
"17000","Illinois",200,"Mining, quarrying, and oil and gas extraction",2017,23199,7839160,0.00295937319814878
"17000","Illinois",500,"Manufacturing",2000,880434,7357491,0.11966497818346
"17000","Illinois",500,"Manufacturing",2017,597010,7839160,0.0761573944147077
"17000","Illinois",700,"Retail trade",2000,766354,7357491,0.104159692482125
"17000","Illinois",700,"Retail trade",2017,721961,7839160,0.0920967297516571
"17000","Illinois",900,"Information",2000,168826,7357491,0.0229461374808342
"17000","Illinois",900,"Information",2017,115794,7839160,0.0147712254884452
"17000","Illinois",1000,"Finance and insurance",2000,446083,7357491,0.0606297717523542
"17000","Illinois",1000,"Finance and insurance",2017,490945,7839160,0.0626272457763332
"17000","Illinois",1500,"Educational services",2000,132764,7357491,0.0180447383489834
"17000","Illinois",1500,"Educational services",2017,213023,7839160,0.0271742125431806
"17000","Illinois",1600,"Health care and social assistance",2000,699728,7357491,0.095104159828398
"17000","Illinois",1600,"Health care and social assistance",2017,880026,7839160,0.112260242168804
"17000","Illinois",1700,"Arts, entertainment, and recreation",2000,131243,7357491,0.0178380102673588
"17000","Illinois",1700,"Arts, entertainment, and recreation",2017,169891,7839160,0.0216720924180652
"17000","Illinois",2000,"Government and government enterprises",2000,894750,7357491,0.121610750186443
"17000","Illinois",2000,"Government and government enterprises",2017,872567,7839160,0.111308737160614
"18000","Indiana",70,"Farm employment",2000,79633,3648148,0.0218283359118106
"18000","Indiana",70,"Farm employment",2017,62941,3912817,0.0160858532356612
"18000","Indiana",200,"Mining, quarrying, and oil and gas extraction",2000,9426,3648148,0.00258377675467114
"18000","Indiana",200,"Mining, quarrying, and oil and gas extraction",2017,11325,3912817,0.0028943341842974
"18000","Indiana",500,"Manufacturing",2000,674324,3648148,0.184840088724471
"18000","Indiana",500,"Manufacturing",2017,550350,3912817,0.140653140691221
"18000","Indiana",700,"Retail trade",2000,434796,3648148,0.119182664738382
"18000","Indiana",700,"Retail trade",2017,394386,3912817,0.100793367029432
"18000","Indiana",900,"Information",2000,52527,3648148,0.014398264544092
"18000","Indiana",900,"Information",2017,40282,3912817,0.0102948847339398
"18000","Indiana",1000,"Finance and insurance",2000,141269,3648148,0.0387234838060298
"18000","Indiana",1000,"Finance and insurance",2017,151784,3912817,0.0387914896096597
"18000","Indiana",1500,"Educational services",2000,54731,3648148,0.0150024067006053
"18000","Indiana",1500,"Educational services",2017,87526,3912817,0.0223690502264737
"18000","Indiana",1600,"Health care and social assistance",2000,321234,3648148,0.0880539934235124
"18000","Indiana",1600,"Health care and social assistance",2017,444046,3912817,0.113484990481282
"18000","Indiana",1700,"Arts, entertainment, and recreation",2000,65554,3648148,0.0179691174809794
"18000","Indiana",1700,"Arts, entertainment, and recreation",2017,74459,3912817,0.0190295124970066
"18000","Indiana",2000,"Government and government enterprises",2000,431489,3648148,0.118276177391926
"18000","Indiana",2000,"Government and government enterprises",2017,445486,3912817,0.113853011781537
"19000","Iowa",70,"Farm employment",2000,109851,1915254,0.0573558389644402
"19000","Iowa",70,"Farm employment",2017,87012,2066284,0.0421103778570613
"19000","Iowa",200,"Mining, quarrying, and oil and gas extraction",2000,2673,1915254,0.00139563734105241
"19000","Iowa",200,"Mining, quarrying, and oil and gas extraction",2017,4311,2066284,0.00208635405394418
"19000","Iowa",500,"Manufacturing",2000,255881,1915254,0.133601600623207
"19000","Iowa",500,"Manufacturing",2017,223319,2066284,0.108077592431631
"19000","Iowa",700,"Retail trade",2000,238438,1915254,0.12449419241521
"19000","Iowa",700,"Retail trade",2017,224075,2066284,0.108443466628982
"19000","Iowa",900,"Information",2000,43974,1915254,0.0229598789507815
"19000","Iowa",900,"Information",2017,26647,2066284,0.0128960975354791
"19000","Iowa",1000,"Finance and insurance",2000,97856,1915254,0.0510929620823139
"19000","Iowa",1000,"Finance and insurance",2017,133949,2066284,0.0648260355304498
"19000","Iowa",1500,"Educational services",2000,33561,1915254,0.0175230021709914
"19000","Iowa",1500,"Educational services",2017,47932,2066284,0.0231971984490031
"19000","Iowa",1600,"Health care and social assistance",2000,182270,1915254,0.0951675339145617
"19000","Iowa",1600,"Health care and social assistance",2017,219087,2066284,0.106029471263389
"19000","Iowa",1700,"Arts, entertainment, and recreation",2000,32273,1915254,0.0168505065124521
"19000","Iowa",1700,"Arts, entertainment, and recreation",2017,36380,2066284,0.0176064858460889
"19000","Iowa",2000,"Government and government enterprises",2000,256256,1915254,0.133797397107642
"19000","Iowa",2000,"Government and government enterprises",2017,270993,2066284,0.131149929051379
"20000","Kansas",70,"Farm employment",2000,77477,1760312,0.0440132203836593
"20000","Kansas",70,"Farm employment",2017,62132,1917326,0.0324055481436125
"20000","Kansas",200,"Mining, quarrying, and oil and gas extraction",2000,17784,1760312,0.0101027545117002
"20000","Kansas",200,"Mining, quarrying, and oil and gas extraction",2017,40712,1917326,0.0212337390720201
"20000","Kansas",500,"Manufacturing",2000,203835,1760312,0.115794813646672
"20000","Kansas",500,"Manufacturing",2017,168447,1917326,0.0878551691261684
"20000","Kansas",700,"Retail trade",2000,202614,1760312,0.115101186607829
"20000","Kansas",700,"Retail trade",2017,186640,1917326,0.0973439050010275
"20000","Kansas",900,"Information",2000,49958,1760312,0.0283801962379396
"20000","Kansas",900,"Information",2017,24004,1917326,0.0125195193722925
"20000","Kansas",1000,"Finance and insurance",2000,75924,1760312,0.0431309904153355
"20000","Kansas",1000,"Finance and insurance",2017,101564,1917326,0.0529716907818493
"20000","Kansas",1500,"Educational services",2000,19645,1760312,0.0111599534627952
"20000","Kansas",1500,"Educational services",2017,28202,1917326,0.0147090270512161
"20000","Kansas",1600,"Health care and social assistance",2000,162255,1760312,0.0921740009725549
"20000","Kansas",1600,"Health care and social assistance",2017,201912,1917326,0.105309164951604
"20000","Kansas",1700,"Arts, entertainment, and recreation",2000,25903,1760312,0.0147150050672835
"20000","Kansas",1700,"Arts, entertainment, and recreation",2017,33213,1917326,0.017322562777535
"20000","Kansas",2000,"Government and government enterprises",2000,278923,1760312,0.158450888251628
"20000","Kansas",2000,"Government and government enterprises",2017,295225,1917326,0.153977466534121
"21000","Kentucky",70,"Farm employment",2000,111911,2306481,0.0485202349379856
"21000","Kentucky",70,"Farm employment",2017,84136,2524927,0.0333221514919045
"21000","Kentucky",200,"Mining, quarrying, and oil and gas extraction",2000,21662,2306481,0.00939179642060784
"21000","Kentucky",200,"Mining, quarrying, and oil and gas extraction",2017,18278,2524927,0.00723902116774069
"21000","Kentucky",500,"Manufacturing",2000,314911,2306481,0.136533099557291
"21000","Kentucky",500,"Manufacturing",2017,258794,2524927,0.102495636507511
"21000","Kentucky",700,"Retail trade",2000,270068,2306481,0.117090927694614
"21000","Kentucky",700,"Retail trade",2017,262325,2524927,0.103894092779712
"21000","Kentucky",900,"Information",2000,37699,2306481,0.016344812725533
"21000","Kentucky",900,"Information",2017,28205,2524927,0.0111706199822807
"21000","Kentucky",1000,"Finance and insurance",2000,81270,2306481,0.035235495111384
"21000","Kentucky",1000,"Finance and insurance",2017,108031,2524927,0.0427857914308018
"21000","Kentucky",1500,"Educational services",2000,28215,2306481,0.0122329210602645
"21000","Kentucky",1500,"Educational services",2017,40745,2524927,0.0161371002013127
"21000","Kentucky",1600,"Health care and social assistance",2000,200328,2306481,0.0868543898692424
"21000","Kentucky",1600,"Health care and social assistance",2017,270414,2524927,0.107097749756726
"21000","Kentucky",1700,"Arts, entertainment, and recreation",2000,30272,2306481,0.0131247558510129
"21000","Kentucky",1700,"Arts, entertainment, and recreation",2017,41821,2524927,0.0165632511355774
"21000","Kentucky",2000,"Government and government enterprises",2000,345937,2306481,0.149984760334033
"21000","Kentucky",2000,"Government and government enterprises",2017,352480,2524927,0.139600075566541
"22000","Louisiana",70,"Farm employment",2000,40125,2388668,0.0167980648629278
"22000","Louisiana",70,"Farm employment",2017,32753,2701947,0.0121219994322613
"22000","Louisiana",200,"Mining, quarrying, and oil and gas extraction",2000,51795,2388668,0.021683632886613
"22000","Louisiana",200,"Mining, quarrying, and oil and gas extraction",2017,61516,2701947,0.0227672859608275
"22000","Louisiana",500,"Manufacturing",2000,178325,2388668,0.0746545773627813
"22000","Louisiana",500,"Manufacturing",2017,145147,2701947,0.0537194104843655
"22000","Louisiana",700,"Retail trade",2000,270278,2388668,0.113150090343237
"22000","Louisiana",700,"Retail trade",2017,280154,2701947,0.103685971634529
"22000","Louisiana",900,"Information",2000,34388,2388668,0.0143963079004701
"22000","Louisiana",900,"Information",2017,29621,2701947,0.0109628353183834
"22000","Louisiana",1000,"Finance and insurance",2000,86564,2388668,0.0362394439076506
"22000","Louisiana",1000,"Finance and insurance",2017,107242,2701947,0.039690637899263
"22000","Louisiana",1500,"Educational services",2000,36112,2388668,0.0151180490549545
"22000","Louisiana",1500,"Educational services",2017,55568,2701947,0.0205659104342165
"22000","Louisiana",1600,"Health care and social assistance",2000,220188,2388668,0.0921802443872485
"22000","Louisiana",1600,"Health care and social assistance",2017,316538,2701947,0.117151816819501
"22000","Louisiana",1700,"Arts, entertainment, and recreation",2000,51807,2388668,0.0216886566069458
"22000","Louisiana",1700,"Arts, entertainment, and recreation",2017,54194,2701947,0.0200573882463276
"22000","Louisiana",2000,"Government and government enterprises",2000,413885,2388668,0.173270207496395
"22000","Louisiana",2000,"Government and government enterprises",2017,358829,2701947,0.132803863288214
"23000","Maine",70,"Farm employment",2000,10528,784039,0.0134279034588841
"23000","Maine",70,"Farm employment",2017,10625,836117,0.0127075516943203
"23000","Maine",200,"Mining, quarrying, and oil and gas extraction",2000,NA,784039,NA
"23000","Maine",200,"Mining, quarrying, and oil and gas extraction",2017,1235,836117,0.00147706600870452
"23000","Maine",500,"Manufacturing",2000,83113,784039,0.10600620632392
"23000","Maine",500,"Manufacturing",2017,56410,836117,0.067466634454269
"23000","Maine",700,"Retail trade",2000,105231,784039,0.134216537697742
"23000","Maine",700,"Retail trade",2017,99756,836117,0.119308661347634
"23000","Maine",900,"Information",2000,13854,784039,0.0176700393730414
"23000","Maine",900,"Information",2017,9822,836117,0.011747159787446
"23000","Maine",1000,"Finance and insurance",2000,32306,784039,0.0412045829352877
"23000","Maine",1000,"Finance and insurance",2017,33040,836117,0.0395160007510911
"23000","Maine",1500,"Educational services",2000,13461,784039,0.017168788797496
"23000","Maine",1500,"Educational services",2017,21933,836117,0.0262319747116731
"23000","Maine",1600,"Health care and social assistance",2000,95876,784039,0.122284733284951
"23000","Maine",1600,"Health care and social assistance",2017,117738,836117,0.140815220836318
"23000","Maine",1700,"Arts, entertainment, and recreation",2000,16946,784039,0.0216137207460343
"23000","Maine",1700,"Arts, entertainment, and recreation",2017,21278,836117,0.0254485915248703
"23000","Maine",2000,"Government and government enterprises",2000,107716,784039,0.137386022889168
"23000","Maine",2000,"Government and government enterprises",2017,107315,836117,0.128349262124798
"24000","Maryland",70,"Farm employment",2000,18976,3092125,0.00613687997736185
"24000","Maryland",70,"Farm employment",2017,19271,3702196,0.00520528896903351
"24000","Maryland",200,"Mining, quarrying, and oil and gas extraction",2000,2693,3092125,0.000870922100497231
"24000","Maryland",200,"Mining, quarrying, and oil and gas extraction",2017,4011,3702196,0.00108341103496411
"24000","Maryland",500,"Manufacturing",2000,179005,3092125,0.0578906092088774
"24000","Maryland",500,"Manufacturing",2017,117463,3702196,0.0317279258040363
"24000","Maryland",700,"Retail trade",2000,352221,3092125,0.113909043133767
"24000","Maryland",700,"Retail trade",2017,346845,3702196,0.0936862878140433
"24000","Maryland",900,"Information",2000,68245,3092125,0.0220705825281966
"24000","Maryland",900,"Information",2017,51380,3702196,0.01387824955783
"24000","Maryland",1000,"Finance and insurance",2000,139593,3092125,0.0451446820552209
"24000","Maryland",1000,"Finance and insurance",2017,164775,3702196,0.0445073680593896
"24000","Maryland",1500,"Educational services",2000,63516,3092125,0.0205412135667219
"24000","Maryland",1500,"Educational services",2017,106931,3702196,0.0288831277436419
"24000","Maryland",1600,"Health care and social assistance",2000,319487,3092125,0.103322795811942
"24000","Maryland",1600,"Health care and social assistance",2017,442411,3702196,0.119499615903642
"24000","Maryland",1700,"Arts, entertainment, and recreation",2000,62158,3092125,0.0201020333912762
"24000","Maryland",1700,"Arts, entertainment, and recreation",2017,92482,3702196,0.0249803089841813
"24000","Maryland",2000,"Government and government enterprises",2000,516333,3092125,0.166983223511339
"24000","Maryland",2000,"Government and government enterprises",2017,567907,3702196,0.153397334987127
"25000","Massachusetts",70,"Farm employment",2000,10710,4070320,0.00263124275241259
"25000","Massachusetts",70,"Farm employment",2017,10471,4788192,0.0021868379547019
"25000","Massachusetts",200,"Mining, quarrying, and oil and gas extraction",2000,2303,4070320,0.000565803180093948
"25000","Massachusetts",200,"Mining, quarrying, and oil and gas extraction",2017,3315,4788192,0.000692328127192895
"25000","Massachusetts",500,"Manufacturing",2000,416792,4070320,0.102397845869612
"25000","Massachusetts",500,"Manufacturing",2017,259648,4788192,0.0542267310918192
"25000","Massachusetts",700,"Retail trade",2000,415292,4070320,0.102029324475717
"25000","Massachusetts",700,"Retail trade",2017,429385,4788192,0.0896758108279701
"25000","Massachusetts",900,"Information",2000,122054,4070320,0.0299863401403329
"25000","Massachusetts",900,"Information",2017,107129,4788192,0.0223735806751275
"25000","Massachusetts",1000,"Finance and insurance",2000,236620,4070320,0.0581330214823405
"25000","Massachusetts",1000,"Finance and insurance",2017,281227,4788192,0.0587334426021346
"25000","Massachusetts",1500,"Educational services",2000,174919,4070320,0.0429742624658504
"25000","Massachusetts",1500,"Educational services",2017,246149,4788192,0.0514075041268186
"25000","Massachusetts",1600,"Health care and social assistance",2000,479679,4070320,0.117847982468209
"25000","Massachusetts",1600,"Health care and social assistance",2017,699139,4788192,0.146013150684016
"25000","Massachusetts",1700,"Arts, entertainment, and recreation",2000,84132,4070320,0.0206696279408007
"25000","Massachusetts",1700,"Arts, entertainment, and recreation",2017,127138,4788192,0.0265524022428507
"25000","Massachusetts",2000,"Government and government enterprises",2000,454620,4070320,0.111691464061794
"25000","Massachusetts",2000,"Government and government enterprises",2017,463133,4788192,0.0967239826640202
"26000","Michigan",70,"Farm employment",2000,73645,5621494,0.0131006099090384
"26000","Michigan",70,"Farm employment",2017,61700,5643225,0.0109334644640254
"26000","Michigan",200,"Mining, quarrying, and oil and gas extraction",2000,13469,5621494,0.00239598227802075
"26000","Michigan",200,"Mining, quarrying, and oil and gas extraction",2017,16644,5643225,0.00294937735071701
"26000","Michigan",500,"Manufacturing",2000,911843,5621494,0.162206523746178
"26000","Michigan",500,"Manufacturing",2017,643027,5643225,0.113946723726238
"26000","Michigan",700,"Retail trade",2000,660137,5621494,0.11743088225301
"26000","Michigan",700,"Retail trade",2017,571389,5643225,0.101252209507861
"26000","Michigan",900,"Information",2000,88514,5621494,0.015745636302378
"26000","Michigan",900,"Information",2017,71430,5643225,0.0126576558616748
"26000","Michigan",1000,"Finance and insurance",2000,209656,5621494,0.0372954236009146
"26000","Michigan",1000,"Finance and insurance",2017,249048,5643225,0.0441322116343048
"26000","Michigan",1500,"Educational services",2000,66577,5621494,0.011843292903986
"26000","Michigan",1500,"Educational services",2017,107713,5643225,0.019087135458891
"26000","Michigan",1600,"Health care and social assistance",2000,537760,5621494,0.095661402467031
"26000","Michigan",1600,"Health care and social assistance",2017,680711,5643225,0.120624465620279
"26000","Michigan",1700,"Arts, entertainment, and recreation",2000,97903,5621494,0.0174158328728982
"26000","Michigan",1700,"Arts, entertainment, and recreation",2017,109681,5643225,0.0194358722184566
"26000","Michigan",2000,"Government and government enterprises",2000,698253,5621494,0.124211286181218
"26000","Michigan",2000,"Government and government enterprises",2017,611105,5643225,0.108290029194299
"27000","Minnesota",70,"Farm employment",2000,100675,3330936,0.0302242372714456
"27000","Minnesota",70,"Farm employment",2017,74206,3743706,0.0198215351312309
"27000","Minnesota",200,"Mining, quarrying, and oil and gas extraction",2000,8709,3330936,0.00261458040622816
"27000","Minnesota",200,"Mining, quarrying, and oil and gas extraction",2017,10254,3743706,0.00273899713278767
"27000","Minnesota",500,"Manufacturing",2000,407496,3330936,0.122336784615495
"27000","Minnesota",500,"Manufacturing",2017,335644,3743706,0.0896555445326102
"27000","Minnesota",700,"Retail trade",2000,375640,3330936,0.112773106418136
"27000","Minnesota",700,"Retail trade",2017,365587,3743706,0.0976537687521403
"27000","Minnesota",900,"Information",2000,76529,3330936,0.0229752237809433
"27000","Minnesota",900,"Information",2017,59341,3743706,0.015850870768164
"27000","Minnesota",1000,"Finance and insurance",2000,173826,3330936,0.0521853316905518
"27000","Minnesota",1000,"Finance and insurance",2017,215506,3743706,0.0575648835672459
"27000","Minnesota",1500,"Educational services",2000,55162,3330936,0.0165605103190214
"27000","Minnesota",1500,"Educational services",2017,93517,3743706,0.0249797927508196
"27000","Minnesota",1600,"Health care and social assistance",2000,338779,3330936,0.101706847564769
"27000","Minnesota",1600,"Health care and social assistance",2017,502151,3743706,0.134132060583817
"27000","Minnesota",1700,"Arts, entertainment, and recreation",2000,64232,3330936,0.0192834686706679
"27000","Minnesota",1700,"Arts, entertainment, and recreation",2017,91729,3743706,0.0245021911442832
"27000","Minnesota",2000,"Government and government enterprises",2000,406664,3330936,0.122087004973977
"27000","Minnesota",2000,"Government and government enterprises",2017,427266,3743706,0.114129154372699
"28000","Mississippi",70,"Farm employment",2000,55096,1476295,0.0373204542452559
"28000","Mississippi",70,"Farm employment",2017,39844,1593678,0.0250012863326218
"28000","Mississippi",200,"Mining, quarrying, and oil and gas extraction",2000,7948,1476295,0.00538374782817797
"28000","Mississippi",200,"Mining, quarrying, and oil and gas extraction",2017,12935,1593678,0.00811644510371606
"28000","Mississippi",500,"Manufacturing",2000,223867,1476295,0.151641101541359
"28000","Mississippi",500,"Manufacturing",2017,150095,1593678,0.0941815096901633
"28000","Mississippi",700,"Retail trade",2000,172485,1476295,0.116836404648122
"28000","Mississippi",700,"Retail trade",2017,173131,1593678,0.108636123482912
"28000","Mississippi",900,"Information",2000,19335,1476295,0.0130969758754179
"28000","Mississippi",900,"Information",2017,15032,1593678,0.00943226925388943
"28000","Mississippi",1000,"Finance and insurance",2000,47115,1476295,0.0319143531611229
"28000","Mississippi",1000,"Finance and insurance",2017,56787,1593678,0.0356326685817336
"28000","Mississippi",1500,"Educational services",2000,16879,1476295,0.0114333517352562
"28000","Mississippi",1500,"Educational services",2017,25697,1593678,0.0161243362837411
"28000","Mississippi",1600,"Health care and social assistance",2000,106824,1476295,0.0723595216403226
"28000","Mississippi",1600,"Health care and social assistance",2017,159810,1593678,0.100277471358706
"28000","Mississippi",1700,"Arts, entertainment, and recreation",2000,26629,1476295,0.0180377228128524
"28000","Mississippi",1700,"Arts, entertainment, and recreation",2017,19989,1593678,0.0125426842812664
"28000","Mississippi",2000,"Government and government enterprises",2000,273621,1476295,0.185343037807484
"28000","Mississippi",2000,"Government and government enterprises",2017,272103,1593678,0.170739007503398
"29000","Missouri",70,"Farm employment",2000,124097,3470846,0.0357541072119016
"29000","Missouri",70,"Farm employment",2017,94066,3742873,0.0251320309291819
"29000","Missouri",200,"Mining, quarrying, and oil and gas extraction",2000,6994,3470846,0.00201507067729309
"29000","Missouri",200,"Mining, quarrying, and oil and gas extraction",2017,8809,3742873,0.00235353964721753
"29000","Missouri",500,"Manufacturing",2000,373084,3470846,0.107490796192052
"29000","Missouri",500,"Manufacturing",2017,280376,3742873,0.0749093009567784
"29000","Missouri",700,"Retail trade",2000,388100,3470846,0.111817118938726
"29000","Missouri",700,"Retail trade",2017,385959,3742873,0.103118379918314
"29000","Missouri",900,"Information",2000,87084,3470846,0.0250901365257923
"29000","Missouri",900,"Information",2017,57406,3742873,0.0153374159369019
"29000","Missouri",1000,"Finance and insurance",2000,155562,3470846,0.0448196203461634
"29000","Missouri",1000,"Finance and insurance",2017,194542,3742873,0.0519766500225896
"29000","Missouri",1500,"Educational services",2000,63587,3470846,0.0183203172944003
"29000","Missouri",1500,"Educational services",2017,84724,3742873,0.0226360873051263
"29000","Missouri",1600,"Health care and social assistance",2000,321412,3470846,0.0926033595267551
"29000","Missouri",1600,"Health care and social assistance",2017,450318,3742873,0.120313459740686
"29000","Missouri",1700,"Arts, entertainment, and recreation",2000,65282,3470846,0.0188086708543104
"29000","Missouri",1700,"Arts, entertainment, and recreation",2017,74134,3742873,0.0198067099792058
"29000","Missouri",2000,"Government and government enterprises",2000,469735,3470846,0.135337321217939
"29000","Missouri",2000,"Government and government enterprises",2017,471428,3742873,0.125953512181685
"30000","Montana",70,"Farm employment",2000,32805,552690,0.0593551538837323
"30000","Montana",70,"Farm employment",2017,30344,675503,0.0449205999085126
"30000","Montana",200,"Mining, quarrying, and oil and gas extraction",2000,6363,552690,0.0115127829343755
"30000","Montana",200,"Mining, quarrying, and oil and gas extraction",2017,11923,675503,0.017650550774756
"30000","Montana",500,"Manufacturing",2000,24863,552690,0.0449854348730753
"30000","Montana",500,"Manufacturing",2017,24643,675503,0.0364809630749234
"30000","Montana",700,"Retail trade",2000,69406,552690,0.125578534078778
"30000","Montana",700,"Retail trade",2017,75524,675503,0.111804092653919
"30000","Montana",900,"Information",2000,9350,552690,0.0169172592230726
"30000","Montana",900,"Information",2017,8484,675503,0.0125595297134136
"30000","Montana",1000,"Finance and insurance",2000,20473,552690,0.0370424650346487
"30000","Montana",1000,"Finance and insurance",2017,25328,675503,0.0374950222278806
"30000","Montana",1500,"Educational services",2000,5079,552690,0.00918959995657602
"30000","Montana",1500,"Educational services",2017,8706,675503,0.0128881737016712
"30000","Montana",1600,"Health care and social assistance",2000,53912,552690,0.0975447357469829
"30000","Montana",1600,"Health care and social assistance",2017,76925,675503,0.113878102687923
"30000","Montana",1700,"Arts, entertainment, and recreation",2000,14435,552690,0.026117715174872
"30000","Montana",1700,"Arts, entertainment, and recreation",2017,20649,675503,0.0305683320429369
"30000","Montana",2000,"Government and government enterprises",2000,89076,552690,0.161168105086034
"30000","Montana",2000,"Government and government enterprises",2017,96104,675503,0.142270278592397
"31000","Nebraska",70,"Farm employment",2000,66442,1173756,0.0566063134075566
"31000","Nebraska",70,"Farm employment",2017,54574,1320856,0.0413171458508725
"31000","Nebraska",200,"Mining, quarrying, and oil and gas extraction",2000,2150,1173756,0.0018317265257856
"31000","Nebraska",200,"Mining, quarrying, and oil and gas extraction",2017,3169,1320856,0.00239920172978735
"31000","Nebraska",500,"Manufacturing",2000,115308,1173756,0.0982384754582724
"31000","Nebraska",500,"Manufacturing",2017,101866,1320856,0.077121200191391
"31000","Nebraska",700,"Retail trade",2000,140769,1173756,0.119930377352704
"31000","Nebraska",700,"Retail trade",2017,136117,1320856,0.103052111660923
"31000","Nebraska",900,"Information",2000,27216,1173756,0.0231871019189678
"31000","Nebraska",900,"Information",2017,20833,1320856,0.0157723476291132
"31000","Nebraska",1000,"Finance and insurance",2000,65756,1173756,0.0560218648509571
"31000","Nebraska",1000,"Finance and insurance",2017,83460,1320856,0.0631862973707959
"31000","Nebraska",1500,"Educational services",2000,17897,1173756,0.0152476323869697
"31000","Nebraska",1500,"Educational services",2017,24184,1320856,0.0183093387924195
"31000","Nebraska",1600,"Health care and social assistance",2000,106141,1173756,0.0904285047318182
"31000","Nebraska",1600,"Health care and social assistance",2017,144682,1320856,0.109536542969105
"31000","Nebraska",1700,"Arts, entertainment, and recreation",2000,17649,1173756,0.0150363448621349
"31000","Nebraska",1700,"Arts, entertainment, and recreation",2017,25483,1320856,0.0192927919470404
"31000","Nebraska",2000,"Government and government enterprises",2000,162573,1173756,0.138506640221647
"31000","Nebraska",2000,"Government and government enterprises",2017,175532,1320856,0.132892609035353
"32000","Nevada",70,"Farm employment",2000,5287,1254358,0.00421490515466876
"32000","Nevada",70,"Farm employment",2017,5402,1782895,0.00302990361182234
"32000","Nevada",200,"Mining, quarrying, and oil and gas extraction",2000,12674,1254358,0.010103973506766
"32000","Nevada",200,"Mining, quarrying, and oil and gas extraction",2017,19624,1782895,0.0110068175635694
"32000","Nevada",500,"Manufacturing",2000,45262,1254358,0.0360837974485753
"32000","Nevada",500,"Manufacturing",2017,54008,1782895,0.0302923054919106
"32000","Nevada",700,"Retail trade",2000,132255,1254358,0.105436406512335
"32000","Nevada",700,"Retail trade",2017,178362,1782895,0.10004066420064
"32000","Nevada",900,"Information",2000,22029,1254358,0.0175619719410248
"32000","Nevada",900,"Information",2017,20622,1782895,0.0115665813185858
"32000","Nevada",1000,"Finance and insurance",2000,63552,1254358,0.0506649616776072
"32000","Nevada",1000,"Finance and insurance",2017,85036,1782895,0.0476954615947658
"32000","Nevada",1500,"Educational services",2000,4950,1254358,0.00394624182251
"32000","Nevada",1500,"Educational services",2017,17368,1782895,0.0097414598167587
"32000","Nevada",1600,"Health care and social assistance",2000,70317,1254358,0.0560581588350375
"32000","Nevada",1600,"Health care and social assistance",2017,141480,1782895,0.0793540842281795
"32000","Nevada",1700,"Arts, entertainment, and recreation",2000,41658,1254358,0.0332106145135599
"32000","Nevada",1700,"Arts, entertainment, and recreation",2017,55861,1782895,0.0313316263717157
"32000","Nevada",2000,"Government and government enterprises",2000,130538,1254358,0.104067578793295
"32000","Nevada",2000,"Government and government enterprises",2017,174897,1782895,0.0980971958528124
"33000","New Hampshire",70,"Farm employment",2000,4718,783545,0.00602135167731273
"33000","New Hampshire",70,"Farm employment",2017,5195,883500,0.00588002263723826
"33000","New Hampshire",200,"Mining, quarrying, and oil and gas extraction",2000,606,783545,0.000773408036551825
"33000","New Hampshire",200,"Mining, quarrying, and oil and gas extraction",2017,1533,883500,0.00173514431239389
"33000","New Hampshire",500,"Manufacturing",2000,106369,783545,0.135753530429012
"33000","New Hampshire",500,"Manufacturing",2017,74301,883500,0.0840984719864177
"33000","New Hampshire",700,"Retail trade",2000,111949,783545,0.142875010369538
"33000","New Hampshire",700,"Retail trade",2017,113341,883500,0.12828636106395
"33000","New Hampshire",900,"Information",2000,15959,783545,0.0203676878800835
"33000","New Hampshire",900,"Information",2017,15435,883500,0.0174702886247878
"33000","New Hampshire",1000,"Finance and insurance",2000,34311,783545,0.0437894441289269
"33000","New Hampshire",1000,"Finance and insurance",2017,42434,883500,0.048029428409734
"33000","New Hampshire",1500,"Educational services",2000,22392,783545,0.0285778098258556
"33000","New Hampshire",1500,"Educational services",2017,31312,883500,0.0354408602150538
"33000","New Hampshire",1600,"Health care and social assistance",2000,76061,783545,0.0970729185943373
"33000","New Hampshire",1600,"Health care and social assistance",2017,101911,883500,0.115349179400113
"33000","New Hampshire",1700,"Arts, entertainment, and recreation",2000,17719,783545,0.0226138894383858
"33000","New Hampshire",1700,"Arts, entertainment, and recreation",2017,23134,883500,0.026184493491794
"33000","New Hampshire",2000,"Government and government enterprises",2000,86666,783545,0.110607559233994
"33000","New Hampshire",2000,"Government and government enterprises",2017,94153,883500,0.106568194680249
"34000","New Jersey",70,"Farm employment",2000,18927,4748598,0.00398580802165186
"34000","New Jersey",70,"Farm employment",2017,19283,5464627,0.00352869463917665
"34000","New Jersey",200,"Mining, quarrying, and oil and gas extraction",2000,3000,4748598,0.000631765417919142
"34000","New Jersey",200,"Mining, quarrying, and oil and gas extraction",2017,3823,5464627,0.000699590292255995
"34000","New Jersey",500,"Manufacturing",2000,428991,4748598,0.0903405594661835
"34000","New Jersey",500,"Manufacturing",2017,261132,5464627,0.0477858781578322
"34000","New Jersey",700,"Retail trade",2000,528310,4748598,0.111255995980287
"34000","New Jersey",700,"Retail trade",2017,548676,5464627,0.100405023069278
"34000","New Jersey",900,"Information",2000,136781,4748598,0.0288045018761327
"34000","New Jersey",900,"Information",2017,89816,5464627,0.0164358884879059
"34000","New Jersey",1000,"Finance and insurance",2000,275123,4748598,0.057937732358056
"34000","New Jersey",1000,"Finance and insurance",2017,340481,5464627,0.0623063568657111
"34000","New Jersey",1500,"Educational services",2000,82132,4748598,0.017296052434845
"34000","New Jersey",1500,"Educational services",2017,136510,5464627,0.0249806619921177
"34000","New Jersey",1600,"Health care and social assistance",2000,468619,4748598,0.0986857594599501
"34000","New Jersey",1600,"Health care and social assistance",2017,651857,5464627,0.119286641155929
"34000","New Jersey",1700,"Arts, entertainment, and recreation",2000,79871,4748598,0.0168199118982066
"34000","New Jersey",1700,"Arts, entertainment, and recreation",2017,124719,5464627,0.0228229666910477
"34000","New Jersey",2000,"Government and government enterprises",2000,604010,4748598,0.127197543359114
"34000","New Jersey",2000,"Government and government enterprises",2017,611630,5464627,0.111925297005633
"35000","New Mexico",70,"Farm employment",2000,21910,964919,0.0227065691524366
"35000","New Mexico",70,"Farm employment",2017,29031,1097669,0.0264478636091572
"35000","New Mexico",200,"Mining, quarrying, and oil and gas extraction",2000,18603,964919,0.0192793384729703
"35000","New Mexico",200,"Mining, quarrying, and oil and gas extraction",2017,31204,1097669,0.0284275132120885
"35000","New Mexico",500,"Manufacturing",2000,46947,964919,0.0486538248288198
"35000","New Mexico",500,"Manufacturing",2017,32562,1097669,0.0296646803362398
"35000","New Mexico",700,"Retail trade",2000,112003,964919,0.11607502805935
"35000","New Mexico",700,"Retail trade",2017,111466,1097669,0.101547916539503
"35000","New Mexico",900,"Information",2000,18206,964919,0.0188679049744072
"35000","New Mexico",900,"Information",2017,15491,1097669,0.0141126332254988
"35000","New Mexico",1000,"Finance and insurance",2000,31039,964919,0.0321674669065486
"35000","New Mexico",1000,"Finance and insurance",2017,35674,1097669,0.0324997790772993
"35000","New Mexico",1500,"Educational services",2000,11225,964919,0.011633100809498
"35000","New Mexico",1500,"Educational services",2017,17048,1097669,0.0155310936174748
"35000","New Mexico",1600,"Health care and social assistance",2000,88361,964919,0.0915734895882452
"35000","New Mexico",1600,"Health care and social assistance",2017,134791,1097669,0.122797491775754
"35000","New Mexico",1700,"Arts, entertainment, and recreation",2000,20655,964919,0.0214059418458959
"35000","New Mexico",1700,"Arts, entertainment, and recreation",2017,25154,1097669,0.0229158334616355
"35000","New Mexico",2000,"Government and government enterprises",2000,202324,964919,0.209679776229922
"35000","New Mexico",2000,"Government and government enterprises",2017,206086,1097669,0.187748765793696
"36000","New York",70,"Farm employment",2000,60708,10424526,0.00582357413660823
"36000","New York",70,"Farm employment",2017,52844,12408724,0.00425861676027285
"36000","New York",200,"Mining, quarrying, and oil and gas extraction",2000,8979,10424526,0.000861334126846631
"36000","New York",200,"Mining, quarrying, and oil and gas extraction",2017,14129,12408724,0.00113863439947572
"36000","New York",500,"Manufacturing",2000,765716,10424526,0.073453315767067
"36000","New York",500,"Manufacturing",2017,481558,12408724,0.0388080192612875
"36000","New York",700,"Retail trade",2000,1019177,10424526,0.0977672270182836
"36000","New York",700,"Retail trade",2017,1102272,12408724,0.0888304067364219
"36000","New York",900,"Information",2000,356100,10424526,0.0341598265475092
"36000","New York",900,"Information",2017,314829,12408724,0.0253715853459228
"36000","New York",1000,"Finance and insurance",2000,736151,10424526,0.0706172155933037
"36000","New York",1000,"Finance and insurance",2017,906914,12408724,0.0730868057021818
"36000","New York",1500,"Educational services",2000,327333,10424526,0.0314002766168937
"36000","New York",1500,"Educational services",2017,487749,12408724,0.0393069424382394
"36000","New York",1600,"Health care and social assistance",2000,1260368,10424526,0.120904106335386
"36000","New York",1600,"Health care and social assistance",2017,1716123,12408724,0.138299715587195
"36000","New York",1700,"Arts, entertainment, and recreation",2000,256610,10424526,0.0246159873360189
"36000","New York",1700,"Arts, entertainment, and recreation",2017,368227,12408724,0.029674848114923
"36000","New York",2000,"Government and government enterprises",2000,1483805,10424526,0.142337886633886
"36000","New York",2000,"Government and government enterprises",2017,1458054,12408724,0.117502331424246
"37000","North Carolina",70,"Farm employment",2000,84975,4891957,0.0173703489217097
"37000","North Carolina",70,"Farm employment",2017,62769,5933790,0.01057823077662
"37000","North Carolina",200,"Mining, quarrying, and oil and gas extraction",2000,6305,4891957,0.00128885024950138
"37000","North Carolina",200,"Mining, quarrying, and oil and gas extraction",2017,7803,5933790,0.00131501114801838
"37000","North Carolina",500,"Manufacturing",2000,778251,4891957,0.1590878660626
"37000","North Carolina",500,"Manufacturing",2017,491005,5933790,0.0827472829338416
"37000","North Carolina",700,"Retail trade",2000,547234,4891957,0.111864024969966
"37000","North Carolina",700,"Retail trade",2017,607805,5933790,0.102431161197144
"37000","North Carolina",900,"Information",2000,92653,4891957,0.0189398639440208
"37000","North Carolina",900,"Information",2017,95251,5933790,0.0160523038395359
"37000","North Carolina",1000,"Finance and insurance",2000,180836,4891957,0.0369659831433514
"37000","North Carolina",1000,"Finance and insurance",2017,265161,5933790,0.0446866168165709
"37000","North Carolina",1500,"Educational services",2000,60146,4891957,0.0122948750367184
"37000","North Carolina",1500,"Educational services",2017,140579,5933790,0.0236912664587051
"37000","North Carolina",1600,"Health care and social assistance",2000,372057,4891957,0.0760548385850489
"37000","North Carolina",1600,"Health care and social assistance",2017,571532,5933790,0.0963182047224455
"37000","North Carolina",1700,"Arts, entertainment, and recreation",2000,76864,4891957,0.0157123212652932
"37000","North Carolina",1700,"Arts, entertainment, and recreation",2017,132724,5933790,0.0223674919402271
"37000","North Carolina",2000,"Government and government enterprises",2000,739595,4891957,0.151185915984135
"37000","North Carolina",2000,"Government and government enterprises",2017,860583,5933790,0.145030916159824
"38000","North Dakota",70,"Farm employment",2000,36887,440643,0.0837117575906119
"38000","North Dakota",70,"Farm employment",2017,28400,575020,0.049389586449167
"38000","North Dakota",200,"Mining, quarrying, and oil and gas extraction",2000,3974,440643,0.00901863867121457
"38000","North Dakota",200,"Mining, quarrying, and oil and gas extraction",2017,24257,575020,0.0421846196654029
"38000","North Dakota",500,"Manufacturing",2000,23983,440643,0.0544272801338045
"38000","North Dakota",500,"Manufacturing",2017,26452,575020,0.046001878195541
"38000","North Dakota",700,"Retail trade",2000,52112,440643,0.118263537603003
"38000","North Dakota",700,"Retail trade",2017,59438,575020,0.103366839414281
"38000","North Dakota",900,"Information",2000,9299,440643,0.021103251384908
"38000","North Dakota",900,"Information",2017,7374,575020,0.0128239017773295
"38000","North Dakota",1000,"Finance and insurance",2000,18752,440643,0.0425559920389068
"38000","North Dakota",1000,"Finance and insurance",2017,27069,575020,0.0470748843518486
"38000","North Dakota",1500,"Educational services",2000,3868,440643,0.00877808112235982
"38000","North Dakota",1500,"Educational services",2017,6667,575020,0.0115943793259365
"38000","North Dakota",1600,"Health care and social assistance",2000,51144,440643,0.116066747911575
"38000","North Dakota",1600,"Health care and social assistance",2017,66543,575020,0.1157229313763
"38000","North Dakota",1700,"Arts, entertainment, and recreation",2000,5675,440643,0.0128789065070817
"38000","North Dakota",1700,"Arts, entertainment, and recreation",2017,8549,575020,0.0148673089631665
"38000","North Dakota",2000,"Government and government enterprises",2000,76733,440643,0.174138701851612
"38000","North Dakota",2000,"Government and government enterprises",2017,88564,575020,0.154018990643804
"39000","Ohio",70,"Farm employment",2000,101045,6789300,0.0148829776265594
"39000","Ohio",70,"Farm employment",2017,87358,7005100,0.0124706285420622
"39000","Ohio",200,"Mining, quarrying, and oil and gas extraction",2000,20327,6789300,0.00299397581488519
"39000","Ohio",200,"Mining, quarrying, and oil and gas extraction",2017,28834,7005100,0.00411614395226335
"39000","Ohio",500,"Manufacturing",2000,1046727,6789300,0.154173036984667
"39000","Ohio",500,"Manufacturing",2017,716553,7005100,0.102290188576894
"39000","Ohio",700,"Retail trade",2000,797628,6789300,0.117483098404843
"39000","Ohio",700,"Retail trade",2017,695631,7005100,0.0993035074445761
"39000","Ohio",900,"Information",2000,121277,6789300,0.0178629608354322
"39000","Ohio",900,"Information",2017,88486,7005100,0.0126316540805984
"39000","Ohio",1000,"Finance and insurance",2000,297383,6789300,0.0438017174082748
"39000","Ohio",1000,"Finance and insurance",2017,346744,7005100,0.0494987937359923
"39000","Ohio",1500,"Educational services",2000,103165,6789300,0.0151952336765204
"39000","Ohio",1500,"Educational services",2017,152598,7005100,0.0217838431999543
"39000","Ohio",1600,"Health care and social assistance",2000,670007,6789300,0.0986857260689614
"39000","Ohio",1600,"Health care and social assistance",2017,897073,7005100,0.128059984868167
"39000","Ohio",1700,"Arts, entertainment, and recreation",2000,117160,6789300,0.0172565654780316
"39000","Ohio",1700,"Arts, entertainment, and recreation",2017,143233,7005100,0.0204469600719476
"39000","Ohio",2000,"Government and government enterprises",2000,822838,6789300,0.121196294168766
"39000","Ohio",2000,"Government and government enterprises",2017,804187,7005100,0.114800216984768
"40000","Oklahoma",70,"Farm employment",2000,100194,1994373,0.0502383455853043
"40000","Oklahoma",70,"Farm employment",2017,77964,2294185,0.0339833099771814
"40000","Oklahoma",200,"Mining, quarrying, and oil and gas extraction",2000,52776,1994373,0.0264624521090087
"40000","Oklahoma",200,"Mining, quarrying, and oil and gas extraction",2017,122690,2294185,0.0534786863308757
"40000","Oklahoma",500,"Manufacturing",2000,178043,1994373,0.0892726686532559
"40000","Oklahoma",500,"Manufacturing",2017,139861,2294185,0.0609632614632211
"40000","Oklahoma",700,"Retail trade",2000,225007,1994373,0.112820921663099
"40000","Oklahoma",700,"Retail trade",2017,229060,2294185,0.0998437353570004
"40000","Oklahoma",900,"Information",2000,39389,1994373,0.0197500668129783
"40000","Oklahoma",900,"Information",2017,26201,2294185,0.0114206134204521
"40000","Oklahoma",1000,"Finance and insurance",2000,77285,1994373,0.0387515274224029
"40000","Oklahoma",1000,"Finance and insurance",2017,102970,2294185,0.0448830412543016
"40000","Oklahoma",1500,"Educational services",2000,20893,1994373,0.0104759741532803
"40000","Oklahoma",1500,"Educational services",2017,31053,2294185,0.0135355256877715
"40000","Oklahoma",1600,"Health care and social assistance",2000,175514,1994373,0.0880046009447581
"40000","Oklahoma",1600,"Health care and social assistance",2017,219966,2294185,0.0958798004520124
"40000","Oklahoma",1700,"Arts, entertainment, and recreation",2000,25546,1994373,0.0128090382290575
"40000","Oklahoma",1700,"Arts, entertainment, and recreation",2017,35056,2294185,0.0152803718967738
"40000","Oklahoma",2000,"Government and government enterprises",2000,330433,1994373,0.165682648130515
"40000","Oklahoma",2000,"Government and government enterprises",2017,369137,2294185,0.160901147902196
"41000","Oregon",70,"Farm employment",2000,65675,2092153,0.0313911076293177
"41000","Oregon",70,"Farm employment",2017,65915,2522273,0.0261331743233187
"41000","Oregon",200,"Mining, quarrying, and oil and gas extraction",2000,3439,2092153,0.00164376123543546
"41000","Oregon",200,"Mining, quarrying, and oil and gas extraction",2017,6026,2522273,0.00238911489755471
"41000","Oregon",500,"Manufacturing",2000,233467,2092153,0.111591743051297
"41000","Oregon",500,"Manufacturing",2017,207388,2522273,0.0822226618609484
"41000","Oregon",700,"Retail trade",2000,241836,2092153,0.115591928506185
"41000","Oregon",700,"Retail trade",2017,259928,2522273,0.103053079504082
"41000","Oregon",900,"Information",2000,45691,2092153,0.0218392249515212
"41000","Oregon",900,"Information",2017,43095,2522273,0.0170857793743976
"41000","Oregon",1000,"Finance and insurance",2000,81777,2092153,0.0390874854754886
"41000","Oregon",1000,"Finance and insurance",2017,96126,2522273,0.0381108627020152
"41000","Oregon",1500,"Educational services",2000,32595,2092153,0.0155796445097467
"41000","Oregon",1500,"Educational services",2017,59035,2522273,0.0234054759338105
"41000","Oregon",1600,"Health care and social assistance",2000,188146,2092153,0.0899293694103634
"41000","Oregon",1600,"Health care and social assistance",2017,293195,2522273,0.116242373446491
"41000","Oregon",1700,"Arts, entertainment, and recreation",2000,43249,2092153,0.0206720063016424
"41000","Oregon",1700,"Arts, entertainment, and recreation",2017,64374,2522273,0.0255222174602036
"41000","Oregon",2000,"Government and government enterprises",2000,277844,2092153,0.132802906861974
"41000","Oregon",2000,"Government and government enterprises",2017,291039,2522273,0.115387588893034
"42000","Pennsylvania",70,"Farm employment",2000,85561,6905286,0.0123906526101888
"42000","Pennsylvania",70,"Farm employment",2017,75079,7677266,0.00977939282030869
"42000","Pennsylvania",200,"Mining, quarrying, and oil and gas extraction",2000,26339,6905286,0.00381432427273831
"42000","Pennsylvania",200,"Mining, quarrying, and oil and gas extraction",2017,47301,7677266,0.00616117769007873
"42000","Pennsylvania",500,"Manufacturing",2000,879394,6905286,0.127350843976629
"42000","Pennsylvania",500,"Manufacturing",2017,593666,7677266,0.077327788303805
"42000","Pennsylvania",700,"Retail trade",2000,818992,6905286,0.118603632058107
"42000","Pennsylvania",700,"Retail trade",2017,767735,7677266,0.100001094139502
"42000","Pennsylvania",900,"Information",2000,148525,6905286,0.0215088846428663
"42000","Pennsylvania",900,"Information",2017,101514,7677266,0.0132226758848788
"42000","Pennsylvania",1000,"Finance and insurance",2000,348290,6905286,0.0504381715688532
"42000","Pennsylvania",1000,"Finance and insurance",2017,404463,7677266,0.0526832077981927
"42000","Pennsylvania",1500,"Educational services",2000,213708,6905286,0.030948464697914
"42000","Pennsylvania",1500,"Educational services",2017,305832,7677266,0.0398360562210558
"42000","Pennsylvania",1600,"Health care and social assistance",2000,812186,6905286,0.117618010318472
"42000","Pennsylvania",1600,"Health care and social assistance",2017,1099550,7677266,0.14322155829953
"42000","Pennsylvania",1700,"Arts, entertainment, and recreation",2000,120383,6905286,0.0174334560509152
"42000","Pennsylvania",1700,"Arts, entertainment, and recreation",2017,173195,7677266,0.0225594632255806
"42000","Pennsylvania",2000,"Government and government enterprises",2000,785276,6905286,0.113720995770487
"42000","Pennsylvania",2000,"Government and government enterprises",2017,773861,7677266,0.10079903444794
"44000","Rhode Island",70,"Farm employment",2000,1299,582589,0.00222970224291911
"44000","Rhode Island",70,"Farm employment",2017,1461,639244,0.00228551226135873
"44000","Rhode Island",200,"Mining, quarrying, and oil and gas extraction",2000,492,582589,0.000844506161290378
"44000","Rhode Island",200,"Mining, quarrying, and oil and gas extraction",2017,NA,639244,NA
"44000","Rhode Island",500,"Manufacturing",2000,71771,582589,0.123193194516203
"44000","Rhode Island",500,"Manufacturing",2017,42754,639244,0.0668821295154902
"44000","Rhode Island",700,"Retail trade",2000,61095,582589,0.104868097406577
"44000","Rhode Island",700,"Retail trade",2017,57633,639244,0.0901580617103954
"44000","Rhode Island",900,"Information",2000,12168,582589,0.0208860792084986
"44000","Rhode Island",900,"Information",2017,7948,639244,0.0124334369974532
"44000","Rhode Island",1000,"Finance and insurance",2000,29501,582589,0.0506377566346086
"44000","Rhode Island",1000,"Finance and insurance",2017,37949,639244,0.0593654379235472
"44000","Rhode Island",1500,"Educational services",2000,22510,582589,0.0386378733549724
"44000","Rhode Island",1500,"Educational services",2017,32139,639244,0.0502765767062342
"44000","Rhode Island",1600,"Health care and social assistance",2000,75835,582589,0.130168952726536
"44000","Rhode Island",1600,"Health care and social assistance",2017,88836,639244,0.13897040879539
"44000","Rhode Island",1700,"Arts, entertainment, and recreation",2000,12333,582589,0.0211692977381997
"44000","Rhode Island",1700,"Arts, entertainment, and recreation",2017,17596,639244,0.0275262654010049
"44000","Rhode Island",2000,"Government and government enterprises",2000,76392,582589,0.131125029823769
"44000","Rhode Island",2000,"Government and government enterprises",2017,72025,639244,0.112672156484848
"45000","South Carolina",70,"Farm employment",2000,32268,2279819,0.0141537551884601
"45000","South Carolina",70,"Farm employment",2017,28948,2766293,0.0104645458742078
"45000","South Carolina",200,"Mining, quarrying, and oil and gas extraction",2000,2626,2279819,0.00115184582635727
"45000","South Carolina",200,"Mining, quarrying, and oil and gas extraction",2017,5005,2766293,0.00180928050643948
"45000","South Carolina",500,"Manufacturing",2000,338640,2279819,0.148538107630474
"45000","South Carolina",500,"Manufacturing",2017,250303,2766293,0.0904831845361283
"45000","South Carolina",700,"Retail trade",2000,277329,2279819,0.121645183236038
"45000","South Carolina",700,"Retail trade",2017,299243,2766293,0.108174730587107
"45000","South Carolina",900,"Information",2000,35436,2279819,0.0155433391861371
"45000","South Carolina",900,"Information",2017,34991,2766293,0.0126490577823824
"45000","South Carolina",1000,"Finance and insurance",2000,79320,2279819,0.034792235699413
"45000","South Carolina",1000,"Finance and insurance",2017,113484,2766293,0.0410238539446111
"45000","South Carolina",1500,"Educational services",2000,25212,2279819,0.0110587726481795
"45000","South Carolina",1500,"Educational services",2017,46225,2766293,0.0167100881938392
"45000","South Carolina",1600,"Health care and social assistance",2000,144308,2279819,0.0632980074295372
"45000","South Carolina",1600,"Health care and social assistance",2017,234489,2766293,0.0847665088260716
"45000","South Carolina",1700,"Arts, entertainment, and recreation",2000,38640,2279819,0.0169487139110605
"45000","South Carolina",1700,"Arts, entertainment, and recreation",2017,56137,2766293,0.0202932227352634
"45000","South Carolina",2000,"Government and government enterprises",2000,382938,2279819,0.167968597507083
"45000","South Carolina",2000,"Government and government enterprises",2017,410047,2766293,0.148229778985812
"46000","South Dakota",70,"Farm employment",2000,38031,512377,0.0742246431826565
"46000","South Dakota",70,"Farm employment",2017,31533,603150,0.0522805272320318
"46000","South Dakota",200,"Mining, quarrying, and oil and gas extraction",2000,1382,512377,0.00269723270170207
"46000","South Dakota",200,"Mining, quarrying, and oil and gas extraction",2017,2659,603150,0.00440852192655227
"46000","South Dakota",500,"Manufacturing",2000,44031,512377,0.0859347706864282
"46000","South Dakota",500,"Manufacturing",2017,45612,603150,0.0756229793583686
"46000","South Dakota",700,"Retail trade",2000,63178,512377,0.123303739238881
"46000","South Dakota",700,"Retail trade",2017,67920,603150,0.112608803780154
"46000","South Dakota",900,"Information",2000,7964,512377,0.0155432425733396
"46000","South Dakota",900,"Information",2017,7028,603150,0.0116521594959794
"46000","South Dakota",1000,"Finance and insurance",2000,30087,512377,0.0587204343676629
"46000","South Dakota",1000,"Finance and insurance",2017,39752,603150,0.0659073199038382
"46000","South Dakota",1500,"Educational services",2000,7470,512377,0.0145791087421957
"46000","South Dakota",1500,"Educational services",2017,10183,603150,0.0168830307552019
"46000","South Dakota",1600,"Health care and social assistance",2000,53929,512377,0.105252577691817
"46000","South Dakota",1600,"Health care and social assistance",2017,70275,603150,0.116513305147973
"46000","South Dakota",1700,"Arts, entertainment, and recreation",2000,9758,512377,0.0190445706969673
"46000","South Dakota",1700,"Arts, entertainment, and recreation",2017,12344,603150,0.0204658874243555
"46000","South Dakota",2000,"Government and government enterprises",2000,77967,512377,0.152167251847761
"46000","South Dakota",2000,"Government and government enterprises",2017,86049,603150,0.142666003481721
"47000","Tennessee",70,"Farm employment",2000,105933,3459310,0.0306225808036863
"47000","Tennessee",70,"Farm employment",2017,74850,4041451,0.0185205759020708
"47000","Tennessee",200,"Mining, quarrying, and oil and gas extraction",2000,6274,3459310,0.00181365648062764
"47000","Tennessee",200,"Mining, quarrying, and oil and gas extraction",2017,8786,4041451,0.00217397167502464
"47000","Tennessee",500,"Manufacturing",2000,498790,3459310,0.14418771373482
"47000","Tennessee",500,"Manufacturing",2017,364134,4041451,0.0900998181098818
"47000","Tennessee",700,"Retail trade",2000,403609,3459310,0.116673267212248
"47000","Tennessee",700,"Retail trade",2017,419535,4041451,0.10380801350802
"47000","Tennessee",900,"Information",2000,61583,3459310,0.0178021050440695
"47000","Tennessee",900,"Information",2017,58690,4041451,0.0145220120199404
"47000","Tennessee",1000,"Finance and insurance",2000,138387,3459310,0.0400042204948386
"47000","Tennessee",1000,"Finance and insurance",2017,179611,4041451,0.0444422065243399
"47000","Tennessee",1500,"Educational services",2000,46067,3459310,0.0133168175156317
"47000","Tennessee",1500,"Educational services",2017,80728,4041451,0.019975004027019
"47000","Tennessee",1600,"Health care and social assistance",2000,275338,3459310,0.0795933293055552
"47000","Tennessee",1600,"Health care and social assistance",2017,426645,4041451,0.105567282641804
"47000","Tennessee",1700,"Arts, entertainment, and recreation",2000,57169,3459310,0.0165261280428756
"47000","Tennessee",1700,"Arts, entertainment, and recreation",2017,91497,4041451,0.0226396410596095
"47000","Tennessee",2000,"Government and government enterprises",2000,420671,3459310,0.121605464673591
"47000","Tennessee",2000,"Government and government enterprises",2017,447172,4041451,0.110646399028468
"48000","Texas",70,"Farm employment",2000,284440,12138771,0.0234323557137704
"48000","Texas",70,"Farm employment",2017,272034,17159034,0.0158536896657469
"48000","Texas",200,"Mining, quarrying, and oil and gas extraction",2000,219226,12138771,0.0180599831729258
"48000","Texas",200,"Mining, quarrying, and oil and gas extraction",2017,453362,17159034,0.0264211843160868
"48000","Texas",500,"Manufacturing",2000,1103180,12138771,0.0908806995370454
"48000","Texas",500,"Manufacturing",2017,933250,17159034,0.0543882598519241
"48000","Texas",700,"Retail trade",2000,1365442,12138771,0.112486016912256
"48000","Texas",700,"Retail trade",2017,1652443,17159034,0.0963016332970725
"48000","Texas",900,"Information",2000,304407,12138771,0.0250772504069811
"48000","Texas",900,"Information",2017,255086,17159034,0.014865988376735
"48000","Texas",1000,"Finance and insurance",2000,583673,12138771,0.0480833685716618
"48000","Texas",1000,"Finance and insurance",2017,1017954,17159034,0.0593246682767806
"48000","Texas",1500,"Educational services",2000,140027,12138771,0.0115355170634655
"48000","Texas",1500,"Educational services",2017,274799,17159034,0.0160148292730232
"48000","Texas",1600,"Health care and social assistance",2000,966225,12138771,0.0795982558695604
"48000","Texas",1600,"Health care and social assistance",2017,1668854,17159034,0.0972580391180529
"48000","Texas",1700,"Arts, entertainment, and recreation",2000,175613,12138771,0.0144671153282322
"48000","Texas",1700,"Arts, entertainment, and recreation",2017,292011,17159034,0.0170179160435255
"48000","Texas",2000,"Government and government enterprises",2000,1719816,12138771,0.14167958189507
"48000","Texas",2000,"Government and government enterprises",2017,2062263,17159034,0.120185262177346
"49000","Utah",70,"Farm employment",2000,20475,1380538,0.0148311745131246
"49000","Utah",70,"Farm employment",2017,22159,1997317,0.0110943831149487
"49000","Utah",200,"Mining, quarrying, and oil and gas extraction",2000,8772,1380538,0.00635404458261924
"49000","Utah",200,"Mining, quarrying, and oil and gas extraction",2017,13798,1997317,0.00690826744077179
"49000","Utah",500,"Manufacturing",2000,130901,1380538,0.0948188314990243
"49000","Utah",500,"Manufacturing",2017,139215,1997317,0.0697010038967275
"49000","Utah",700,"Retail trade",2000,161378,1380538,0.116895007598487
"49000","Utah",700,"Retail trade",2017,211286,1997317,0.105784910457379
"49000","Utah",900,"Information",2000,39391,1380538,0.0285330791329177
"49000","Utah",900,"Information",2017,44273,1997317,0.0221662360056015
"49000","Utah",1000,"Finance and insurance",2000,79612,1380538,0.0576673731545238
"49000","Utah",1000,"Finance and insurance",2017,127684,1997317,0.0639277590888176
"49000","Utah",1500,"Educational services",2000,29114,1380538,0.0210888798424962
"49000","Utah",1500,"Educational services",2017,66382,1997317,0.0332355855379992
"49000","Utah",1600,"Health care and social assistance",2000,96192,1380538,0.0696771838225387
"49000","Utah",1600,"Health care and social assistance",2017,168353,1997317,0.0842895744641436
"49000","Utah",1700,"Arts, entertainment, and recreation",2000,26205,1380538,0.0189817303109368
"49000","Utah",1700,"Arts, entertainment, and recreation",2017,46254,1997317,0.0231580665462718
"49000","Utah",2000,"Government and government enterprises",2000,203717,1380538,0.14756348611918
"49000","Utah",2000,"Government and government enterprises",2017,255490,1997317,0.12791660011906
"50000","Vermont",70,"Farm employment",2000,9648,400963,0.0240620705651145
"50000","Vermont",70,"Farm employment",2017,9391,436990,0.0214901942836221
"50000","Vermont",200,"Mining, quarrying, and oil and gas extraction",2000,1131,400963,0.00282070914273886
"50000","Vermont",200,"Mining, quarrying, and oil and gas extraction",2017,1357,436990,0.00310533421817433
"50000","Vermont",500,"Manufacturing",2000,48422,400963,0.120764260043944
"50000","Vermont",500,"Manufacturing",2017,33688,436990,0.0770910089475732
"50000","Vermont",700,"Retail trade",2000,48646,400963,0.12132291508194
"50000","Vermont",700,"Retail trade",2017,47046,436990,0.107659214169661
"50000","Vermont",900,"Information",2000,7929,400963,0.0197748919476361
"50000","Vermont",900,"Information",2017,6019,436990,0.0137737705668322
"50000","Vermont",1000,"Finance and insurance",2000,12649,400963,0.031546551676838
"50000","Vermont",1000,"Finance and insurance",2017,13918,436990,0.0318496990777821
"50000","Vermont",1500,"Educational services",2000,15000,400963,0.0374099355800909
"50000","Vermont",1500,"Educational services",2017,19415,436990,0.0444289343005561
"50000","Vermont",1600,"Health care and social assistance",2000,40930,400963,0.102079244219541
"50000","Vermont",1600,"Health care and social assistance",2017,59571,436990,0.136321197281402
"50000","Vermont",1700,"Arts, entertainment, and recreation",2000,9100,400963,0.0226953609185885
"50000","Vermont",1700,"Arts, entertainment, and recreation",2017,12056,436990,0.0275887320075974
"50000","Vermont",2000,"Government and government enterprises",2000,52754,400963,0.131568249439474
"50000","Vermont",2000,"Government and government enterprises",2017,57907,436990,0.132513329824481
"51000","Virginia",70,"Farm employment",2000,61192,4399151,0.0139099567166483
"51000","Virginia",70,"Farm employment",2017,48977,5229218,0.00936602757811971
"51000","Virginia",200,"Mining, quarrying, and oil and gas extraction",2000,11394,4399151,0.00259004521554273
"51000","Virginia",200,"Mining, quarrying, and oil and gas extraction",2017,11582,5229218,0.0022148627194353
"51000","Virginia",500,"Manufacturing",2000,363465,4399151,0.0826216240360924
"51000","Virginia",500,"Manufacturing",2017,248800,5229218,0.0475788157999915
"51000","Virginia",700,"Retail trade",2000,484536,4399151,0.110143070787977
"51000","Virginia",700,"Retail trade",2017,503371,5229218,0.0962612382960512
"51000","Virginia",900,"Information",2000,127355,4399151,0.0289499041974235
"51000","Virginia",900,"Information",2017,84099,5229218,0.0160825194130365
"51000","Virginia",1000,"Finance and insurance",2000,160355,4399151,0.0364513516358043
"51000","Virginia",1000,"Finance and insurance",2017,223466,5229218,0.0427341143551483
"51000","Virginia",1500,"Educational services",2000,61268,4399151,0.0139272327774155
"51000","Virginia",1500,"Educational services",2017,109623,5229218,0.0209635551625501
"51000","Virginia",1600,"Health care and social assistance",2000,322836,4399151,0.0733859783399115
"51000","Virginia",1600,"Health care and social assistance",2017,500092,5229218,0.0956341846907128
"51000","Virginia",1700,"Arts, entertainment, and recreation",2000,78195,4399151,0.0177750206801267
"51000","Virginia",1700,"Arts, entertainment, and recreation",2017,111227,5229218,0.0212702931872414
"51000","Virginia",2000,"Government and government enterprises",2000,807139,4399151,0.183476084362642
"51000","Virginia",2000,"Government and government enterprises",2017,878480,5229218,0.167994526141385
"53000","Washington",70,"Farm employment",2000,80286,3526778,0.022764687768836
"53000","Washington",70,"Farm employment",2017,84353,4441946,0.0189901002848751
"53000","Washington",200,"Mining, quarrying, and oil and gas extraction",2000,5598,3526778,0.00158728448459189
"53000","Washington",200,"Mining, quarrying, and oil and gas extraction",2017,8756,4441946,0.00197120811464165
"53000","Washington",500,"Manufacturing",2000,347942,3526778,0.0986571879488871
"53000","Washington",500,"Manufacturing",2017,305056,4441946,0.0686762063293881
"53000","Washington",700,"Retail trade",2000,396796,3526778,0.112509491666331
"53000","Washington",700,"Retail trade",2017,464725,4441946,0.104621938222572
"53000","Washington",900,"Information",2000,107120,3526778,0.0303733322596432
"53000","Washington",900,"Information",2017,139313,4441946,0.0313630557417852
"53000","Washington",1000,"Finance and insurance",2000,141156,3526778,0.0400240672931497
"53000","Washington",1000,"Finance and insurance",2017,169131,4441946,0.0380758793555797
"53000","Washington",1500,"Educational services",2000,46629,3526778,0.0132214162615282
"53000","Washington",1500,"Educational services",2017,81722,4441946,0.0183977923189521
"53000","Washington",1600,"Health care and social assistance",2000,302684,3526778,0.0858245117781726
"53000","Washington",1600,"Health care and social assistance",2017,471646,4441946,0.106180039108985
"53000","Washington",1700,"Arts, entertainment, and recreation",2000,75139,3526778,0.0213052820449714
"53000","Washington",1700,"Arts, entertainment, and recreation",2017,106121,4441946,0.0238906551317823
"53000","Washington",2000,"Government and government enterprises",2000,563087,3526778,0.1596604606244
"53000","Washington",2000,"Government and government enterprises",2017,649977,4441946,0.146327082769579
"54000","West Virginia",70,"Farm employment",2000,23172,875561,0.0264653176649028
"54000","West Virginia",70,"Farm employment",2017,23048,890055,0.0258950289588846
"54000","West Virginia",200,"Mining, quarrying, and oil and gas extraction",2000,24815,875561,0.0283418288388816
"54000","West Virginia",200,"Mining, quarrying, and oil and gas extraction",2017,32444,890055,0.0364516799523625
"54000","West Virginia",500,"Manufacturing",2000,77226,875561,0.0882017358013891
"54000","West Virginia",500,"Manufacturing",2017,49440,890055,0.0555471291099988
"54000","West Virginia",700,"Retail trade",2000,115028,875561,0.13137634042631
"54000","West Virginia",700,"Retail trade",2017,103857,890055,0.116686047491447
"54000","West Virginia",900,"Information",2000,15789,875561,0.0180330096932138
"54000","West Virginia",900,"Information",2017,10337,890055,0.0116138890293296
"54000","West Virginia",1000,"Finance and insurance",2000,28428,875561,0.0324683260218306
"54000","West Virginia",1000,"Finance and insurance",2017,26060,890055,0.0292790894944694
"54000","West Virginia",1500,"Educational services",2000,11167,875561,0.0127541085087161
"54000","West Virginia",1500,"Educational services",2017,13242,890055,0.0148777322749718
"54000","West Virginia",1600,"Health care and social assistance",2000,101469,875561,0.115890269210255
"54000","West Virginia",1600,"Health care and social assistance",2017,125703,890055,0.141230598109106
"54000","West Virginia",1700,"Arts, entertainment, and recreation",2000,12812,875561,0.0146329039324502
"54000","West Virginia",1700,"Arts, entertainment, and recreation",2017,14561,890055,0.0163596631668829
"54000","West Virginia",2000,"Government and government enterprises",2000,151643,875561,0.17319524282146
"54000","West Virginia",2000,"Government and government enterprises",2017,154522,890055,0.173609496042379
"55000","Wisconsin",70,"Farm employment",2000,101442,3413585,0.0297171448784782
"55000","Wisconsin",70,"Farm employment",2017,81430,3686510,0.0220886421032359
"55000","Wisconsin",200,"Mining, quarrying, and oil and gas extraction",2000,3788,3413585,0.00110968380749271
"55000","Wisconsin",200,"Mining, quarrying, and oil and gas extraction",2017,6980,3686510,0.00189338968292504
"55000","Wisconsin",500,"Manufacturing",2000,604927,3413585,0.177211641133881
"55000","Wisconsin",500,"Manufacturing",2017,485287,3686510,0.131638595853531
"55000","Wisconsin",700,"Retail trade",2000,404415,3413585,0.118472222018787
"55000","Wisconsin",700,"Retail trade",2017,379860,3686510,0.103040545122623
"55000","Wisconsin",900,"Information",2000,59995,3413585,0.0175753643164005
"55000","Wisconsin",900,"Information",2017,55838,3686510,0.0151465749448666
"55000","Wisconsin",1000,"Finance and insurance",2000,155811,3413585,0.0456443885240883
"55000","Wisconsin",1000,"Finance and insurance",2017,182074,3686510,0.0493892597605866
"55000","Wisconsin",1500,"Educational services",2000,49515,3413585,0.0145052781752908
"55000","Wisconsin",1500,"Educational services",2017,70430,3686510,0.0191047901673941
"55000","Wisconsin",1600,"Health care and social assistance",2000,325123,3413585,0.0952438565320623
"55000","Wisconsin",1600,"Health care and social assistance",2017,429946,3686510,0.116626836764311
"55000","Wisconsin",1700,"Arts, entertainment, and recreation",2000,56357,3413585,0.0165096225815382
"55000","Wisconsin",1700,"Arts, entertainment, and recreation",2017,75313,3686510,0.0204293491676409
"55000","Wisconsin",2000,"Government and government enterprises",2000,417773,3413585,0.122385410060098
"55000","Wisconsin",2000,"Government and government enterprises",2017,435695,3686510,0.118186306289689
"56000","Wyoming",70,"Farm employment",2000,12726,324653,0.0391987753077902
"56000","Wyoming",70,"Farm employment",2017,14984,399994,0.0374605619084286
"56000","Wyoming",200,"Mining, quarrying, and oil and gas extraction",2000,18675,324653,0.0575229552784049
"56000","Wyoming",200,"Mining, quarrying, and oil and gas extraction",2017,26562,399994,0.0664059960899414
"56000","Wyoming",500,"Manufacturing",2000,11296,324653,0.034794072440421
"56000","Wyoming",500,"Manufacturing",2017,NA,399994,NA
"56000","Wyoming",700,"Retail trade",2000,39197,324653,0.120735061742845
"56000","Wyoming",700,"Retail trade",2017,38976,399994,0.0974414616219243
"56000","Wyoming",900,"Information",2000,4358,324653,0.0134235630041922
"56000","Wyoming",900,"Information",2017,4811,399994,0.0120276804152062
"56000","Wyoming",1000,"Finance and insurance",2000,10897,324653,0.0335650679340711
"56000","Wyoming",1000,"Finance and insurance",2017,18211,399994,0.0455281829227438
"56000","Wyoming",1500,"Educational services",2000,2112,324653,0.00650540731180676
"56000","Wyoming",1500,"Educational services",2017,4086,399994,0.0102151532272984
"56000","Wyoming",1600,"Health care and social assistance",2000,22399,324653,0.0689936640043369
"56000","Wyoming",1600,"Health care and social assistance",2017,30042,399994,0.0751061265918989
"56000","Wyoming",1700,"Arts, entertainment, and recreation",2000,6503,324653,0.0200306173052459
"56000","Wyoming",1700,"Arts, entertainment, and recreation",2017,8050,399994,0.0201253018795282
"56000","Wyoming",2000,"Government and government enterprises",2000,64926,324653,0.199985831025741
"56000","Wyoming",2000,"Government and government enterprises",2017,74989,399994,0.187475312129682
